UUID_v4,repo,location,path,translation_needed,english,translation,context,key,delim
8e058ed8-7d7c-45ae-95ba-2fe3a227d6f1,qa-crowdsourcing-app,src/components/organisms/Game/Utils/SpanSelector/index.tsx,qa-crowdsourcing-app/src/components/organisms/Game/Utils/SpanSelector/index.tsx,yes,Tap the last character of the answer,Smelltu √° seinasta stafinn sem myndar svari√∞,,[[translation:8e058ed8-7d7c-45ae-95ba-2fe3a227d6f1]],/
00918805-65ec-4530-bd73-8bf08face8b4,qa-crowdsourcing-app,src/components/atoms/cards/AnswerItem/index,qa-crowdsourcing-app/src/components/atoms/cards/AnswerItem/index,yes,user,notandi,,[[translation:00918805-65ec-4530-bd73-8bf08face8b4]],/
00f09680-01ef-4eec-8ac8-7ddf6710d4c1,qa-crowdsourcing-api,src/models/Users/index.ts,qa-crowdsourcing-api/src/models/Users/index.ts,yes,Password missing,Yo como manzanas ,-,[[translation:00f09680-01ef-4eec-8ac8-7ddf6710d4c1]],/
018ec61e-740e-47e3-8a65-77dd4d6f9ce1,qa-crowdsourcing-app,src/components/organisms/Game/ReviewAnswer/index.tsx,qa-crowdsourcing-app/src/components/organisms/Game/ReviewAnswer/index.tsx,yes,"Is the answer ""Yes""?",Hvort er svari√∞ j√° e√∞a nei?,,[[translation:018ec61e-740e-47e3-8a65-77dd4d6f9ce1]],/
019caaf7-b2f7-4d8a-a1d7-966e74e4301a,qa-crowdsourcing-app,NA,qa-crowdsourcing-app/NA,NA,üá∫üá∏,üáÆüá∏,,[[translation:019caaf7-b2f7-4d8a-a1d7-966e74e4301a]],/
02fe5731-80ab-4216-8cac-1e93b6ba7f28,qa-crowdsourcing-app,src/components/organisms/Game/SelectSpan/index.tsx,qa-crowdsourcing-app/src/components/organisms/Game/SelectSpan/index.tsx,yes,Select the first character,Veldu fyrsta staf,,[[translation:02fe5731-80ab-4216-8cac-1e93b6ba7f28]],/
03af4942-c4db-4120-afec-b219ad306322,qa-crowdsourcing-api,src/routes/api/announcement/interface.ts,qa-crowdsourcing-api/src/routes/api/announcements/interface.ts,yes,Thursday,fimmtudag,-,[[translation:03af4942-c4db-4120-afec-b219ad306322]],/
069990cf-44ef-4c10-aa6f-67ceef76f5b1,qa-crowdsourcing-app,src/components/organisms/Overlay/Motivation/index.tsx,qa-crowdsourcing-app/src/components/organisms/Overlay/Motivation/index.tsx,maybe,,Sko√∞a√∞u ver√∞launaflipann fyrir meiri uppl√Ωsingar.,,[[translation:069990cf-44ef-4c10-aa6f-67ceef76f5b1]],/
0af7678c-3379-41f2-8839-5c2aaa0f9131,,,,yes,Create a new account,B√∫a til n√Ωjan a√∞gang,,[[translation:0af7678c-3379-41f2-8839-5c2aaa0f9131]],/
0f0ba1ba-3b00-44ba-9114-f68902c5ec0c,qa-crowdsourcing-app,src/services/Chests/index.ts,qa-crowdsourcing-app/src/services/Chests/index.ts,maybe,,El√≠tan,,[[translation:0f0ba1ba-3b00-44ba-9114-f68902c5ec0c]],/
106400a5-1f09-4bea-9459-0c5704fa8450,,,,yes,me@email.is,eg@netfang.is,,[[translation:106400a5-1f09-4bea-9459-0c5704fa8450]],/
1259ccfc-ae1b-458e-8faa-e4e991ccc0b0,,,,yes,Confirm,Sam√æykkja,,[[translation:1259ccfc-ae1b-458e-8faa-e4e991ccc0b0]],/
15a0c52c-dfa3-40a6-a7af-b67dee25ecd3,qa-crowdsourcing-app,src/components/atoms/Cards/PrizeCategory/index.tsx,qa-crowdsourcing-app/src/components/atoms/Cards/PrizeCategory/index.tsx,maybe,,√û√∫ ert komin/n √≠ pottinn.,,[[translation:15a0c52c-dfa3-40a6-a7af-b67dee25ecd3]],/
17b6284a-7cac-430b-9815-705e1737a072,qa-crowdsourcing-app,src/components/atoms/cards/AnswerItem/index,qa-crowdsourcing-app/src/components/atoms/cards/AnswerItem/index,yes,Yes,J√°,,[[translation:17b6284a-7cac-430b-9815-705e1737a072]],/
185b1e6a-ca25-4538-ab83-a2e719f7199d,qa-crowdsourcing-app,src/services/Chests/index.ts,qa-crowdsourcing-app/src/services/Chests/index.ts,maybe,,√ötvaldir,,[[translation:185b1e6a-ca25-4538-ab83-a2e719f7199d]],/
18c8da55-7860-4348-8766-e590e138ed44,qa-crowdsourcing-api,src/routes/api/announcement/interface.ts,qa-crowdsourcing-api/src/routes/api/announcements/interface.ts,yes,June,j√∫n√≠,-,[[translation:18c8da55-7860-4348-8766-e590e138ed44]],/
1e33cec2-ccd7-47b8-bf86-e41ffa849df4,qa-crowdsourcing-app,src/services/UserLevels/index.ts,qa-crowdsourcing-app/src/services/UserLevels/index.ts,yes,Infant,Sm√°barn,,[[translation:1e33cec2-ccd7-47b8-bf86-e41ffa849df4]],/
1fb62d22-838e-4219-aee8-1d41d53c5384,qa-crowdsourcing-api,src/models/Questions/index.ts,qa-crowdsourcing-api/src/models/Questions/index.ts,maybe,Question must be at least ${utils.MIN_WORD_COUNT} words,Question must be at least ${utils.MIN_WORD_COUNT} words,-,[[translation:1fb62d22-838e-4219-aee8-1d41d53c5384]],/
20abd71d-22c7-457b-9498-70e41f539968,,,,yes,ü§´,ü§´,,[[translation:20abd71d-22c7-457b-9498-70e41f539968]],/
2181c771-6e4b-4250-880f-d27364c79f15,qa-crowdsourcing-app,src/components/organisms/Game/ReviewAnswer/index.tsx,qa-crowdsourcing-app/src/components/organisms/Game/ReviewAnswer/index.tsx,yes,Is the answer correctly marked?,Er svari√∞ r√©tt merkt?,,[[translation:2181c771-6e4b-4250-880f-d27364c79f15]],/
239e14d4-ee59-4ec9-8977-7c3daba674fa,qa-crowdsourcing-app,src/services/UserLevels/index.ts,qa-crowdsourcing-app/src/services/UserLevels/index.ts,yes,Wizard,Galdrakall,,[[translation:239e14d4-ee59-4ec9-8977-7c3daba674fa]],/
7c18efa6-d7d6-43ef-b24a-be4b83150c68,qa-crowdsourcing-app,src/components/organisms/Game/WriteQuestion/index.tsx,qa-crowdsourcing-app/src/components/organisms/Game/WriteQuestion/index.tsx,yes,Write a question which other users can google the answer to in English,Sendu inn spurningu sem a√∞rir notendur geta googla√∞ svari√∞ vi√∞ √° √≠slensku,,[[translation:7c18efa6-d7d6-43ef-b24a-be4b83150c68]],/
24d19692-d09f-40f5-8acf-05093c1b995a,qa-crowdsourcing-api,src/models/Users/index.ts,qa-crowdsourcing-api/src/models/Users/index.ts,yes,Password must be at least ${MIN_PW_LENGTH} characters,Lykilor√∞ ver√∞ur a√∞ vera amk. ${MIN_PW_LENGTH} stafir,-,[[translation:24d19692-d09f-40f5-8acf-05093c1b995a]],/
261ecbc8-559f-4423-a0c0-22acc5a149f5,qa-crowdsourcing-app,src/components/organisms/Game/EndOfRound/index.tsx,qa-crowdsourcing-app/src/components/organisms/Game/EndOfRound/index.tsx,yes,"The more you play, the more points you collect. All the questions you ask and the answers you find will be used to train artificial intelligence to answer questions in [LANGUAGE]","√ûv√≠ meira sem √æ√∫ spilar, √æv√≠ fleiri stigum safnar√∞u og √æv√≠ fleiri og flottari vinninga √°ttu m√∂guleika √° a√∞ vinna. Allar spurningarnar og sv√∂rin sem √æ√∫ b√Ωr√∞ til n√Ωtast til
√æess a√∞ kenna gervigreind a√∞ finna sv√∂r vi√∞ spurningum √° √≠slensku.ü§ñüáÆüá∏",,[[translation:261ecbc8-559f-4423-a0c0-22acc5a149f5]],/
26c428fe-1b0b-4cc1-9c7f-e5cfadb97d2e,qa-crowdsourcing-app,src/services/Chests/index.ts,qa-crowdsourcing-app/src/services/Chests/index.ts,maybe,,Kl√≠kan,,[[translation:26c428fe-1b0b-4cc1-9c7f-e5cfadb97d2e]],/
2732e272-cd47-4bc5-8ff6-3c48d3f5e32b,qa-crowdsourcing-app,src/components/organisms/Game/GoogleSearch/index.tsx,qa-crowdsourcing-app/src/components/organisms/Game/GoogleSearch/index.tsx,yes,You can open websites that you believe to be likely to contain the answer,√û√∫ getur opna√∞ s√≠√∞urnar sem √æ√©r √æykir l√≠klegar. √û√∫ √æarft √æar a√∞ velja efnisgreinina sem inniheldur svari√∞.,,[[translation:2732e272-cd47-4bc5-8ff6-3c48d3f5e32b]],/
27d82309-5af5-4387-8151-15bdbadf719b,qa-crowdsourcing-app,src/routing/routes.ts,qa-crowdsourcing-app/src/routing/routes.ts,yes,Community,Samf√©lagi√∞,,[[translation:27d82309-5af5-4387-8151-15bdbadf719b]],/
29930e79-e5a6-4a8a-80d9-aa1f28878b53,,,,yes,Tap the paragraph that contains the answer,Smelltu √° efnisgreinina sem inniheldur svari√∞,,[[translation:29930e79-e5a6-4a8a-80d9-aa1f28878b53]],/
2a014aab-8a7c-43b4-9367-32d9424a9c65,qa-crowdsourcing-app,src/components/organisms/Overlay/PrizeAdvertisement/index.tsx,qa-crowdsourcing-app/src/components/organisms/Overlay/PrizeAdvertisement/index.tsx,maybe,,M√∂guleiki √° a√∞ vinna,,[[translation:2a014aab-8a7c-43b4-9367-32d9424a9c65]],/
2a119dcf-ebc7-4f75-a31a-e8097d857846,qa-crowdsourcing-api,src/routes/api/announcement/interface.ts,qa-crowdsourcing-api/src/routes/api/announcements/interface.ts,yes,Sunday,sunnudag,-,[[translation:2a119dcf-ebc7-4f75-a31a-e8097d857846]],/
2b4898fe-9194-44f8-b29f-4b19309861dc,qa-crowdsourcing-app,src/components/organisms/Game/ReviewQuestion,qa-crowdsourcing-app/src/components/organisms/Game/ReviewQuestion,yes,Do you find the question to be indecipherable,Finnst √æ√©r spurningin vera √≥skiljanleg?,,[[translation:2b4898fe-9194-44f8-b29f-4b19309861dc]],/
2cff5e53-bb19-490b-8454-3e3fce014488,qa-crowdsourcing-api,src/models/Users/methods.ts,qa-crowdsourcing-api/src/models/Users/methods.ts,yes,You have already verified your account,√û√∫ ert n√∫√æegar b√∫in/n a√∞ sta√∞festa a√∞gangin,-,[[translation:2cff5e53-bb19-490b-8454-3e3fce014488]],/
2e222ada-7c4c-4d4d-a131-c84d5f160cef,qa-crowdsourcing-app,src/components/atoms/cards/AnswerItem/index,qa-crowdsourcing-app/src/components/atoms/cards/AnswerItem/index,yes,Something went wrong,villa kom upp,,[[translation:2e222ada-7c4c-4d4d-a131-c84d5f160cef]],/
2e9c8812-372e-4b0d-af84-636e4e561c9e,,,,yes,üßò,üßò,,[[translation:2e9c8812-372e-4b0d-af84-636e4e561c9e]],/
2ea52d7f-e7cc-423b-b7d1-6cb238fe4cf6,,,,yes,The code has been sent to,K√≥√∞i hefur veri√∞ sendur √°,,[[translation:2ea52d7f-e7cc-423b-b7d1-6cb238fe4cf6]],/
2f05d98d-7fde-45c7-ae46-b02abec5d246,qa-crowdsourcing-app,src/components/organisms/Game/ReviewAnswer/index.tsx,qa-crowdsourcing-app/src/components/organisms/Game/ReviewAnswer/index.tsx,yes,Is this a yes/no question,Er √æetta j√°/nei spurning?,,[[translation:2f05d98d-7fde-45c7-ae46-b02abec5d246]],/
335c874b-ee4b-4a6c-af75-8ee692590f2b,qa-crowdsourcing-app,src/components/organisms/Users/ScoreCard/index.tsx,qa-crowdsourcing-app/src/components/organisms/Users/ScoreCard/index.tsx,maybe,,Yfirfarnar spurningar,,[[translation:335c874b-ee4b-4a6c-af75-8ee692590f2b]],/
339ca901-d88e-4e10-916a-95c54a4ed932,qa-crowdsourcing-api,src/models/Users/statics.ts,qa-crowdsourcing-api/src/models/Users/statics.ts,yes,No user with this email and password,No user with this email and password,-,[[translation:339ca901-d88e-4e10-916a-95c54a4ed932]],/
34467789-f91f-47ae-bb80-5e93fc150f20,qa-crowdsourcing-app,src/components/organisms/Game/Utils/SpanSelector/utils.ts,qa-crowdsourcing-app/src/components/organisms/Game/Utils/SpanSelector/utils.ts,yes,Confirm your selection,Smelltu √° ‚ÄûSta√∞festa‚Äú til √æess a√∞ sta√∞festa or√∞a val,,[[translation:34467789-f91f-47ae-bb80-5e93fc150f20]],/
3472e80f-b8ef-4c51-85cc-9bf7124f8e79,qa-crowdsourcing-app,src/components/organisms/Users/ScoreCard/index.tsx,qa-crowdsourcing-app/src/components/organisms/Users/ScoreCard/index.tsx,maybe,,Vefs√≠√∞ur me√∞ sv√∂rum,,[[translation:3472e80f-b8ef-4c51-85cc-9bf7124f8e79]],/
34f440f1-c872-4118-8f9b-d0ed5cefd6a1,qa-crowdsourcing-app,src/services/UserLevels/index.ts,qa-crowdsourcing-app/src/services/UserLevels/index.ts,yes,Student,Nemandi,,[[translation:34f440f1-c872-4118-8f9b-d0ed5cefd6a1]],/
34f78863-28db-4190-9668-2e09c265305c,,,,yes,You go back to LVL 1,√û√∫ byrjar aftur √≠ LVL 1,,[[translation:34f78863-28db-4190-9668-2e09c265305c]],/
3672cd0c-cb34-4a3b-ad65-44816ee78012,,,,yes,You can unlcok more rolls for each one of the chests,√û√∫ getur unni√∞ √æ√©r inn fleiri s√¶ti √≠ hverri kistu,,[[translation:3672cd0c-cb34-4a3b-ad65-44816ee78012]],/
36a2969e-55ce-4c22-9832-d3e292df97dc,,,,yes,üò©,üò©,,[[translation:36a2969e-55ce-4c22-9832-d3e292df97dc]],/
37697751-2f22-4df1-b942-00ed6e525a4e,,,,yes,Forgot your password?,Gleymt lykilor√∞?,,[[translation:37697751-2f22-4df1-b942-00ed6e525a4e]],/
398b6757-1af6-407d-a8a2-d7c0dd667211,qa-crowdsourcing-app,src/components/organisms/Game/SelectSpan/index.tsx,qa-crowdsourcing-app/src/components/organisms/Game/SelectSpan/index.tsx,yes,Continue,√Åfram,,[[translation:398b6757-1af6-407d-a8a2-d7c0dd667211]],/
3aa3fb90-1f9c-4408-9004-b7d2c2624de1,,,,yes,Trivia game where you can support Icelandic in the digital world,Spurningaleikur √æar sem √æ√∫ getur unni√∞ alv√∂ru vinninga og stutt vi√∞ √≠slensku √≠ n√∫t√≠manum,,[[translation:3aa3fb90-1f9c-4408-9004-b7d2c2624de1]],/
3ac7f23c-c311-4cbc-9ab7-28d504132fa6,qa-crowdsourcing-app,src/components/organisms/Game/WriteQuestion/index.tsx,qa-crowdsourcing-app/src/components/organisms/Game/WriteQuestion/index.tsx,yes,Write your question here,Skrifa√∞u spurninguna h√©r,,[[translation:3ac7f23c-c311-4cbc-9ab7-28d504132fa6]],/
3b44ed43-0d08-4095-b9ec-f442f545b73a,,,,yes,üôÖ‚Äç‚ôÄÔ∏è,üôÖ‚Äç‚ôÄÔ∏è,,[[translation:3b44ed43-0d08-4095-b9ec-f442f545b73a]],/
3bfe0891-2017-4080-afb8-7449c2da8ad9,qa-crowdsourcing-app,src/components/organisms/Game/EndOfRound/index.tsx,qa-crowdsourcing-app/src/components/organisms/Game/EndOfRound/index.tsx,yes,You've reached Lvl {auth.level}. Currently you're in position {auth.scoreCard.hiscoreRank} on the leaderboard,√û√∫ ert komin/n √≠ Lvl {auth.level} og ert n√∫mer {auth.scoreCard.hiscoreRank} √° stigat√∂flunni,,[[translation:3bfe0891-2017-4080-afb8-7449c2da8ad9]],/
3dda0399-962d-4862-ac77-c124e033029a,qa-crowdsourcing-app,src/services/UserLevels/index.ts,qa-crowdsourcing-app/src/services/UserLevels/index.ts,yes,Professor,Pr√≥fessor,,[[translation:3dda0399-962d-4862-ac77-c124e033029a]],/
3dde1386-6f44-499b-8756-72d24d17788d,qa-crowdsourcing-app,src/components/organisms/Game/SelectSpan/index.tsx,qa-crowdsourcing-app/src/components/organisms/Game/SelectSpan/index.tsx,yes,"This paragraph was found by another user because they believe that it contains the answer. Now, we need to figure out which part of the paragraph answers the question and select those words.","√ûessi efnisgrein var valin af √∂√∞rum notanda sem telur a√∞ svari√∞ s√© h√©r a√∞ finna. N√∫ √æurfum vi√∞ a√∞ vita hvort hluti af textanum svari spurningunni. Ef svo er, √æ√° √æarft √æ√∫ a√∞ velja r√©ttu or√∞in sem mynda svari√∞.",,[[translation:3dde1386-6f44-499b-8756-72d24d17788d]],/
3ec2901e-a5d5-4cce-b297-7b31db89bb98,qa-crowdsourcing-api,src/routes/api/announcement/interface.ts,qa-crowdsourcing-api/src/routes/api/announcements/interface.ts,yes,Friday,f√∂studag,-,[[translation:3ec2901e-a5d5-4cce-b297-7b31db89bb98]],/
3f6b302c-b013-4a7b-9f0c-057d1536fb18,,,,yes,Password,Lykilor√∞,,[[translation:3f6b302c-b013-4a7b-9f0c-057d1536fb18]],/
40f55f23-1d45-46dc-ae39-02a61e4d6594,qa-crowdsourcing-app,src/components/organisms/Forms/Builder/index.tsx,qa-crowdsourcing-app/src/components/organisms/Forms/Builder/index.tsx,yes,Loading,Hle√∞,,[[translation:40f55f23-1d45-46dc-ae39-02a61e4d6594]],/
41d2a076-2114-47b8-9cbd-a21b45a280e0,,,,yes,üëç,üëç,,[[translation:41d2a076-2114-47b8-9cbd-a21b45a280e0]],/
43a56caf-107e-4148-b94d-0e6fd43019ab,,,,yes,The question is,Spurningin er,,[[translation:43a56caf-107e-4148-b94d-0e6fd43019ab]],/
43ad9161-97e6-4bac-9b90-1e08e5537118,qa-crowdsourcing-app,src/components/organisms/Game/GoogleSearch/index.tsx,qa-crowdsourcing-app/src/components/organisms/Game/GoogleSearch/index.tsx,yes,Are you sure?,Ertu viss?,,[[translation:43ad9161-97e6-4bac-9b90-1e08e5537118]],/
448a1aee-2d52-437e-bf1c-d38789cb1077,qa-crowdsourcing-app,src/components/organisms/Game/SelectSpan/index.tsx,qa-crowdsourcing-app/src/components/organisms/Game/SelectSpan/index.tsx,yes,Do you see the answer?,S√©r√∞u svari√∞?,,[[translation:448a1aee-2d52-437e-bf1c-d38789cb1077]],/
45aa711a-011a-4acb-be15-6b3a6e5a9ce0,qa-crowdsourcing-api,src/models/Users/methods.ts,qa-crowdsourcing-api/src/models/Users/methods.ts,yes,Confirmation code must be ${VERIFICATION_CODE_LENGTH} digits,Sta√∞festingark√≥√∞i ver√∞ur a√∞ vera ${VERIFICATION_CODE_LENGTH} t√∂lur,-,[[translation:45aa711a-011a-4acb-be15-6b3a6e5a9ce0]],/
4ac83c4b-9397-4bb8-822c-f5759602cfe3,,,,yes,Username,Notendanafn,,[[translation:4ac83c4b-9397-4bb8-822c-f5759602cfe3]],/
4d0120d8-f9fb-4b23-892e-eb4746d5493a,qa-crowdsourcing-api,src/models/Users/index.ts,qa-crowdsourcing-api/src/models/Users/index.ts,yes,Email is not available,T√∂lvup√≥stfang er ekki laust,-,[[translation:4d0120d8-f9fb-4b23-892e-eb4746d5493a]],/
4dfedb85-a1f0-4000-9a84-6f999eb93ca5,qa-crowdsourcing-app,src/components/organisms/Game/ReviewQuestion,qa-crowdsourcing-app/src/components/organisms/Game/ReviewQuestion,yes,Do you think that the answer is so long?,Heldur √æ√∫ a√∞ svari√∞ s√© svona langt?,,[[translation:4dfedb85-a1f0-4000-9a84-6f999eb93ca5]],/
51234ad0-149a-46a4-97db-428d6c36f865,qa-crowdsourcing-app,src/components/organisms/Game/ReviewAnswer/index.tsx,qa-crowdsourcing-app/src/components/organisms/Game/ReviewAnswer/index.tsx,yes,"Another user has marked the answer. Now, we need to verify wether the answer is correct or not.",Annar notandi hefur merkt svari√∞ inn. N√∫ √æurfum vi√∞ a√∞ athuga hvort svari√∞ s√© r√©tt merkt.,,[[translation:51234ad0-149a-46a4-97db-428d6c36f865]],/
518de081-a2c2-44fd-a301-ead55605c482,,,,yes,üëÜ,üëÜ,,[[translation:518de081-a2c2-44fd-a301-ead55605c482]],/
524de2de-7c9b-4385-98ed-40c9bfc4b771,,,,yes,üëé,üëé,,[[translation:524de2de-7c9b-4385-98ed-40c9bfc4b771]],/
52f320d2-3764-4006-af1b-b061748ea7b5,qa-crowdsourcing-app,src/components/organisms/Game/ReviewQuestion,qa-crowdsourcing-app/src/components/organisms/Game/ReviewQuestion,yes,Length of the answer,Lengd svars,,[[translation:52f320d2-3764-4006-af1b-b061748ea7b5]],/
5466e9ee-6ea5-4780-a89c-7c4d017fc73d,,,,yes,üë±,üë±,,[[translation:5466e9ee-6ea5-4780-a89c-7c4d017fc73d]],/
54d10c8b-e468-4566-ae52-bc0b4bb454dc,,,,yes,Do you want to sign out?,Viltu skr√° √æig √∫t?,,[[translation:54d10c8b-e468-4566-ae52-bc0b4bb454dc]],/
55d8a451-664a-45b3-9ed8-13ddd8548b4d,,,,yes,Here you see a list of the prize categories that are available. You can click on each category to see an overview of the prizes.,H√©r s√©r√∞u lista yfir √æ√° ver√∞launaflokka sem eru √≠ bo√∞i. √û√∫ getur smellt √° hvern flokk fyrir sig til √æess a√∞ sj√° yfirlit yfir vinninga.,,[[translation:55d8a451-664a-45b3-9ed8-13ddd8548b4d]],/
56f24152-d8fd-4d86-8cbc-66ddcdb269e6,qa-crowdsourcing-app,src/services/UserLevels/index.ts,qa-crowdsourcing-app/src/services/UserLevels/index.ts,yes,High schooler,Menntsk√¶lingur,,[[translation:56f24152-d8fd-4d86-8cbc-66ddcdb269e6]],/
5807a43a-18d0-43fd-96f8-86d0a1c84fdd,qa-crowdsourcing-app,src/components/organisms/Game/ReviewQuestion,qa-crowdsourcing-app/src/components/organisms/Game/ReviewQuestion,yes,Does the answer change that much?,Er svari√∞ mismunandi milli a√∞st√¶√∞a?,,[[translation:5807a43a-18d0-43fd-96f8-86d0a1c84fdd]],/
580fe689-abd7-4716-a1bf-04ec426b5b46,,,,yes,I would like to receive information about prizes and my progress via email,√âg vil f√° uppl√Ωsingar um vinninga og minn √°rangur √≠ t√∂lvup√≥sti,,[[translation:580fe689-abd7-4716-a1bf-04ec426b5b46]],/
58f91cc3-7268-4c49-9dc7-6715ae0888f3,,,,yes,You think you've reached the top?  Not quite. What if you could multiply your chances of winning prizes? Now you have a chance to restart as a LVL 1 and unlock the chests again. That way you'll have more rolls for every prize,Heldur √æ√∫ a√∞ √æ√∫ s√©rt kominn √° toppinn? Ekki alveg. Hva√∞ ef √æ√∫ g√¶tir margfalda√∞ l√≠kurnar √æ√≠nar √° a√∞ vinna vinninga? N√∫ hefur √æ√∫ t√¶kif√¶ri √° √æv√≠ a√∞ fara aftur √≠ LVL 1 og afl√¶sa kisturnar upp √° n√Ωtt. √ûannig f√¶r√∞ √æ√∫ fleiri s√¶ti √≠ hverjum √∫tdr√¶tti.,,[[translation:58f91cc3-7268-4c49-9dc7-6715ae0888f3]],/
59475d93-9003-41f0-8f3b-64bb0847cb0a,,,,yes,Write your email to receive a new password,Skr√°√∞u inn email til a√∞ f√° n√Ωtt lykilor√∞i,,[[translation:59475d93-9003-41f0-8f3b-64bb0847cb0a]],/
5ba54eb3-1517-4379-8a2d-1bd80ce7758b,qa-crowdsourcing-app,src/components/atoms/cards/AnswerItem/index.tsx,qa-crowdsourcing-app/src/components/atoms/cards/AnswerItem/index.tsx,yes,answered,svara√∞i,,[[translation:5ba54eb3-1517-4379-8a2d-1bd80ce7758b]],/
5d837438-3c49-4ff1-8a55-68874a826574,,,,yes,üßë,üßë,,[[translation:5d837438-3c49-4ff1-8a55-68874a826574]],/
5f53f041-9ebf-4a81-87ad-c4a0bf0852eb,qa-crowdsourcing-app,src/components/organisms/Game/Utils/SpanSelector/index.tsx,qa-crowdsourcing-app/src/components/organisms/Game/Utils/SpanSelector/index.tsx,yes,Select the last character,Veldu seinasta staf,,[[translation:5f53f041-9ebf-4a81-87ad-c4a0bf0852eb]],/
6169c959-ec25-4449-a23b-5ba3307cc209,qa-crowdsourcing-api,src/models/Users/methods.ts,qa-crowdsourcing-api/src/models/Users/methods.ts,yes,Incorrect confirmation code,Rangur sta√∞festingark√≥√∞i,-,[[translation:6169c959-ec25-4449-a23b-5ba3307cc209]],/
61735474-90bf-4d3f-aa14-e02a20469934,qa-crowdsourcing-app,src/components/organisms/Game/GoogleSearch/index.tsx,qa-crowdsourcing-app/src/components/organisms/Game/GoogleSearch/index.tsx,yes,"Something went wrong, try another search query.","Villa vi√∞ leit, pr√≥fa√∞u annan leitarstreng",,[[translation:61735474-90bf-4d3f-aa14-e02a20469934]],/
635caeef-372a-4b39-a96e-3e1d25f93706,,,,yes,Https://spurningaris.app.link,Https://spurningaris.app.link,,[[translation:635caeef-372a-4b39-a96e-3e1d25f93706]],/
63d51e1b-3367-4529-9849-925856fdaff1,qa-crowdsourcing-app,src/components/organisms/Game/SelectSpan/index.tsx,qa-crowdsourcing-app/src/components/organisms/Game/SelectSpan/index.tsx,yes,Confirm,Sta√∞festa,,[[translation:63d51e1b-3367-4529-9849-925856fdaff1]],/
64baabaa-5024-40ad-9020-56f7921ea11e,qa-crowdsourcing-app,src/components/organisms/Users/ScoreCard/index.tsx,qa-crowdsourcing-app/src/components/organisms/Users/ScoreCard/index.tsx,maybe,,Skr√°√∞ir vinir (bo√∞),,[[translation:64baabaa-5024-40ad-9020-56f7921ea11e]],/
65accc94-b1d8-4899-85e7-4cc048d70759,qa-crowdsourcing-app,src/views/AuthCode/index.tsx,qa-crowdsourcing-app/src/views/AuthCode/index.tsx,yes,Sign out,√ötskr√°,,[[translation:65accc94-b1d8-4899-85e7-4cc048d70759]],/
679571b1-de5e-437c-9208-ca5c755a0d4f,qa-crowdsourcing-app,src/components/atoms/Cards/PrizeCategory/index.tsx,qa-crowdsourcing-app/src/components/atoms/Cards/PrizeCategory/index.tsx,maybe,,√û√∫ √æarft a√∞,,[[translation:679571b1-de5e-437c-9208-ca5c755a0d4f]],/
68d189a7-eea9-42c8-b604-409cbd7e128d,qa-crowdsourcing-api,src/models/Answers/methods.ts,qa-crowdsourcing-api/src/models/Answers/methods.ts,maybe,,Svar fannst ekki,-,[[translation:68d189a7-eea9-42c8-b604-409cbd7e128d]],/
69435c8c-a692-47cc-825e-0dc2ec27d940,qa-crowdsourcing-app,src/services/CountDownLabel/index.ts,qa-crowdsourcing-app/src/services/CountDownLabel/index.ts,maybe,Days,Dagar,,[[translation:69435c8c-a692-47cc-825e-0dc2ec27d940]],/
69bad13a-c901-41c6-9bf4-21113918ab60,qa-crowdsourcing-app,src/components/organisms/Game/ReviewQuestion,qa-crowdsourcing-app/src/components/organisms/Game/ReviewQuestion,yes,Go back,H√¶tta vi√∞,,[[translation:69bad13a-c901-41c6-9bf4-21113918ab60]],/
6adc749f-7a2c-4179-861c-402d61bfa241,qa-crowdsourcing-api,src/routes/api/announcement/interface.ts,qa-crowdsourcing-api/src/routes/api/announcements/interface.ts,yes,Tuesday,√æri√∞judag,-,[[translation:6adc749f-7a2c-4179-861c-402d61bfa241]],/
6b1a9363-c272-40f5-90bf-700797df6550,,,,yes,Forgot your password?,Gleymt lykilor√∞?,,[[translation:6b1a9363-c272-40f5-90bf-700797df6550]],/
6b4ad0da-54c0-45b3-8c30-a25fccc2044a,qa-crowdsourcing-api,??,qa-crowdsourcing-api/??,not sure,Signing in was unsuccessful,Innskr√°ning gekk ekki,-,[[translation:6b4ad0da-54c0-45b3-8c30-a25fccc2044a]],/
6d779c31-0784-4adc-8aa1-b1d115754296,,,,yes,"Press share, or copy the link to invite friends to play","Smelltu √° deila, e√∞a afrita√∞u hlekkinn til √æess a√∞ bj√≥√∞a vinum a√∞ s√¶kja appi√∞.",,[[translation:6d779c31-0784-4adc-8aa1-b1d115754296]],/
6eb6fc05-e841-4511-ab4e-735c5be89476,qa-crowdsourcing-app,src/components/organisms/Game/GoogleSearch/index.tsx,qa-crowdsourcing-app/src/components/organisms/Game/GoogleSearch/index.tsx,yes,You need to use Google to find the answer online.,"√û√∫ √æarft a√∞ nota Google til a√∞ finna svari√∞ √° √≠slensku Wikipediu, V√≠sindavefnum, v√≠sir.is e√∞a mbl.is",,[[translation:6eb6fc05-e841-4511-ab4e-735c5be89476]],/
6f8b9a5d-b070-499e-ad7c-5c4c5a6e1dbb,qa-crowdsourcing-app,src/services/CountDownLabel/index.ts,qa-crowdsourcing-app/src/services/CountDownLabel/index.ts,maybe,Sec,Sek,,[[translation:6f8b9a5d-b070-499e-ad7c-5c4c5a6e1dbb]],/
728c9365-2e4f-41e9-84ed-2c375c5044a5,,,,yes,In progress,√ç vinnslu,,[[translation:728c9365-2e4f-41e9-84ed-2c375c5044a5]],/
733eaeaf-7c00-4bd9-ab7d-26359b6855c9,qa-crowdsourcing-app,src/components/organisms/Game/ReviewAnswer/index.tsx,qa-crowdsourcing-app/src/components/organisms/Game/ReviewAnswer/index.tsx,yes,Incorrectly Marked?,Vitlaust merkt?,,[[translation:733eaeaf-7c00-4bd9-ab7d-26359b6855c9]],/
74332ff0-bea7-4b49-9992-7ebee1c9a5d4,,,,yes,These are questions other users were unable to answer by googling,√ûetta eru spurningar sem a√∞rir notendur fundu ekki svar vi√∞. Getur √æ√∫ fundi√∞ sv√∂rin √° Google.,,[[translation:74332ff0-bea7-4b49-9992-7ebee1c9a5d4]],/
749736db-66a3-42dc-ba0f-0ccd44135d4d,qa-crowdsourcing-app,src/routing/index.tsx,qa-crowdsourcing-app/src/routing/index.tsx,yes,Prizes,Vinningar,,[[translation:749736db-66a3-42dc-ba0f-0ccd44135d4d]],/
75105759-92f1-4db4-b454-348a6942e8fb,,,,yes,üòÄ,üòÄ,,[[translation:75105759-92f1-4db4-b454-348a6942e8fb]],/
75e48795-0166-4414-be61-0b8b3cde4996,qa-crowdsourcing-app,src/services/CountDownLabel/index.ts,qa-crowdsourcing-app/src/services/CountDownLabel/index.ts,maybe,Hours,Klst,,[[translation:75e48795-0166-4414-be61-0b8b3cde4996]],/
77340120-e861-42b7-a6a4-8eafb29f8da1,qa-crowdsourcing-app,src/components/organisms/Game/ReviewQuestion,qa-crowdsourcing-app/src/components/organisms/Game/ReviewQuestion,yes,The answer shouldn't change a lot,Svari√∞ breytist ekki miki√∞,,[[translation:77340120-e861-42b7-a6a4-8eafb29f8da1]],/
78431932-9dae-4300-9505-0aba46fcda5d,qa-crowdsourcing-app,src/components/organisms/Forms/PinCodeScreen/index.tsx,qa-crowdsourcing-app/src/components/organisms/Forms/PinCodeScreen/index.tsx,yes,Resend,Senda aftur,,[[translation:78431932-9dae-4300-9505-0aba46fcda5d]],/
78d06c58-3368-44ef-b0b6-135f6a9f4936,qa-crowdsourcing-app,src/components/organisms/Game/SelectSpan/index.tsx,qa-crowdsourcing-app/src/components/organisms/Game/SelectSpan/index.tsx,yes,Go back,Til baka,,[[translation:78d06c58-3368-44ef-b0b6-135f6a9f4936]],/
78f8e09e-b039-44f9-bbbe-fd134d603d6a,qa-crowdsourcing-app,src/components/organisms/Game/SelectSpan/index.tsx,qa-crowdsourcing-app/src/components/organisms/Game/SelectSpan/index.tsx,yes,"If you can't see the answer in this paragraph, then we will delete it.",Ef √æ√∫ s√©r√∞ ekki svari√∞ h√©r √æ√° ey√∞um vi√∞ √æessari efnisgrein.,,[[translation:78f8e09e-b039-44f9-bbbe-fd134d603d6a]],/
7923fe3c-e9c7-44cb-bdf0-dad4c39b8daf,,src/components/organisms/Users/ScoreCard/index.tsx,,yes,Answers,Sv√∂r,,[[translation:7923fe3c-e9c7-44cb-bdf0-dad4c39b8daf]],/
7d5f2e8b-be14-4e44-9456-9d942b43ca95,qa-crowdsourcing-app,src/components/atoms/Cards/PrizeItem/index.tsx,qa-crowdsourcing-app/src/components/atoms/Cards/PrizeItem/index.tsx,maybe,,Fari√∞,The month,[[translation:7d5f2e8b-be14-4e44-9456-9d942b43ca95]],/
80a89a34-0646-44a9-a169-5daf07edc421,qa-crowdsourcing-app,src/components/organisms/Game/WriteQuestion/index.tsx,qa-crowdsourcing-app/src/components/organisms/Game/WriteQuestion/index.tsx,yes,You can ask about,√û√∫ g√¶tir spurt um,The month,[[translation:80a89a34-0646-44a9-a169-5daf07edc421]],/
80a9c4a8-ca73-4819-ad5c-53d0ac4215a9,,,,yes,You haven't asked any questions yet. Your questions will appear here,√û√∫ hefur ekki spurt neinar spurningar enn √æ√°. √û√≠nar spurningar birtast h√©r,"A subject for an email sent to user with a verification code to reset their password. The [Game name] is the name of the app in the app store. In Icelandic it was ""Spurningar.is"" but it could be anything",[[translation:80a9c4a8-ca73-4819-ad5c-53d0ac4215a9]],/
81e89af0-22cc-47d5-a7fd-20db983021b6,qa-crowdsourcing-api,src/models/Users/index.ts,qa-crowdsourcing-api/src/models/Users/index.ts,yes,Email incorrectly formatted,T√∂lvup√≥stfang er √° r√∂ngu sni√∞i,"A subject for an email sent to user with a verification code to confirm their registration. The [Game name] is the name of the app in the app store. In Icelandic it was ""Spurningar.is"" but it could be anything",[[translation:81e89af0-22cc-47d5-a7fd-20db983021b6]],/
82363b73-5494-4ef3-bca6-9c0a3f2c1110,qa-crowdsourcing-app,src/services/Chests/index.ts,qa-crowdsourcing-app/src/services/Chests/index.ts,maybe,,Allir taka √æ√°tt,An error message shown to a user when they enter the incorrect number of digits for verification code,[[translation:82363b73-5494-4ef3-bca6-9c0a3f2c1110]],/
8474d3ed-c4d0-4c3f-a627-83e374cbe4cc,,,,yes,üôã,üôã,The month,[[translation:8474d3ed-c4d0-4c3f-a627-83e374cbe4cc]],/
85936485-09df-41a1-b19a-163832d182f6,qa-crowdsourcing-app,src/components/atoms/Cards/PrizeCategory/index.tsx,qa-crowdsourcing-app/src/components/atoms/Cards/PrizeCategory/index.tsx,maybe,,vinningar √≠ √æessum flokki,An error message shown to a user when registering and they provide an ill-formatted email,[[translation:85936485-09df-41a1-b19a-163832d182f6]],/
86cf4916-78a4-428a-a536-6da032839372,,,,yes,Agreement,Hei√∞ursmannasamkomulag,An error message shown to a user when registering and they pickan email that is not available,[[translation:86cf4916-78a4-428a-a536-6da032839372]],/
87d2af96-17a8-46d7-994f-459469f4ea76,qa-crowdsourcing-app,src/components/organisms/Game/ReviewQuestion,qa-crowdsourcing-app/src/components/organisms/Game/ReviewQuestion,yes,I believe that this question can be answered in 2-3 sentences or less.,√âg held a√∞ √æa√∞ s√© h√¶gt a√∞ svara √æessari spurningu √≠ 2-3 setningum e√∞a styttra.,This is shown as an error message when user registers but does not provide an email,[[translation:87d2af96-17a8-46d7-994f-459469f4ea76]],/
87dce2ce-f100-4ae6-841d-bb66e77ce1e9,qa-crowdsourcing-api,src/models/Users/index.ts,qa-crowdsourcing-api/src/models/Users/index.ts,yes,Username must be at least 4 characters,Notendanafn ver√∞ur a√∞ vera amk. 4 stafir,The month,[[translation:87dce2ce-f100-4ae6-841d-bb66e77ce1e9]],/
88f09b07-c184-4bf3-a8c3-2234190ff741,qa-crowdsourcing-api,src/routes/api/announcement/interface.ts,qa-crowdsourcing-api/src/routes/api/announcements/interface.ts,yes,september,september,The weekday,[[translation:88f09b07-c184-4bf3-a8c3-2234190ff741]],/
89d019d5-f291-414c-a161-fbca90593a6d,,,,yes,üßï,üßï,,[[translation:89d019d5-f291-414c-a161-fbca90593a6d]],/
8a6e3047-e77f-4c85-b713-2e93e2c26d6a,qa-crowdsourcing-app,src/components/atoms/Loaders/CenterBox/index.tsx,qa-crowdsourcing-app/src/components/atoms/Loaders/CenterBox/index.tsx,yes,Cancel search,H√¶tta vi√∞ leit,The month,[[translation:8a6e3047-e77f-4c85-b713-2e93e2c26d6a]],/
8e0b57d4-0c0f-49a3-af15-35a6bc5d1e08,qa-crowdsourcing-app,src/components/organisms/Overlay/OpenBox/index.tsx,qa-crowdsourcing-app/src/components/organisms/Overlay/OpenBox/index.tsx,maybe,,√û√∫ ert kominn √≠ pottinn!,The month,[[translation:8e0b57d4-0c0f-49a3-af15-35a6bc5d1e08]],/
9010208c-3c45-4358-87a1-a61ea3252037,qa-crowdsourcing-app,src/services/UserLevels/index.ts,qa-crowdsourcing-app/src/services/UserLevels/index.ts,yes,Valedictorian,D√∫x,The month,[[translation:9010208c-3c45-4358-87a1-a61ea3252037]],/
96041362-685c-4aa6-9ecc-8a7a8819fef3,qa-crowdsourcing-api,src/routes/api/announcement/interface.ts,qa-crowdsourcing-api/src/routes/api/announcements/interface.ts,yes,March,mars,The month,[[translation:96041362-685c-4aa6-9ecc-8a7a8819fef3]],/
979b9bb9-66b0-42c2-8b1e-76d16a109d5b,,,,yes,üëè,üëè,The month,[[translation:979b9bb9-66b0-42c2-8b1e-76d16a109d5b]],/
99cce31d-82f5-455f-af84-e83ca96b52e7,qa-crowdsourcing-app,src/views/AuthCode/index.tsx,qa-crowdsourcing-app/src/views/AuthCode/index.tsx,yes,Confirmation code has been sent to,Sta√∞festingark√≥√∞i hefur veri√∞ sendur √°,The weekday,[[translation:99cce31d-82f5-455f-af84-e83ca96b52e7]],/
9af276ad-fc7f-4342-893c-e174bbf87ff6,qa-crowdsourcing-app,src/components/organisms/Game/ReviewQuestion,qa-crowdsourcing-app/src/components/organisms/Game/ReviewQuestion,yes,Understandable Question,Skiljanleg spurning,,[[translation:9af276ad-fc7f-4342-893c-e174bbf87ff6]],/
9d378a47-8350-4ade-8f4b-10f7ba5488d0,,,,yes,Sign Out,√ötskr√°ning,The month,[[translation:9d378a47-8350-4ade-8f4b-10f7ba5488d0]],/
9de4b7aa-e2da-4d0a-afa9-f0ea3abe3eb4,qa-crowdsourcing-api,src/routes/api/announcement/interface.ts,qa-crowdsourcing-api/src/routes/api/announcements/interface.ts,yes,July,j√∫l√≠,The month,[[translation:9de4b7aa-e2da-4d0a-afa9-f0ea3abe3eb4]],/
9df058c6-a144-4b75-976a-2997f67f7349,qa-crowdsourcing-app,src/services/UserLevels/index.ts,qa-crowdsourcing-app/src/services/UserLevels/index.ts,yes,Beginner,Byrjandi,This is shown as an error message when user registers but does not provide a password,[[translation:9df058c6-a144-4b75-976a-2997f67f7349]],/
9eb6138d-bbb5-447b-9440-a9b1f1062b43,qa-crowdsourcing-app,src/components/organisms/Users/ScoreCard/index.tsx,qa-crowdsourcing-app/src/components/organisms/Users/ScoreCard/index.tsx,maybe,,Spurningar,This is shown as an error message to a user when the password given is too short,[[translation:9eb6138d-bbb5-447b-9440-a9b1f1062b43]],/
9ed9d5ea-217b-4e61-9928-62a1150522fc,qa-crowdsourcing-app,src/components/organisms/Game/SelectSpan/index.tsx,qa-crowdsourcing-app/src/components/organisms/Game/SelectSpan/index.tsx,yes,"Is the answer either ""Yes"" or ""No""?",Er svari√∞ anna√∞hvort j√° e√∞a nei?,,[[translation:9ed9d5ea-217b-4e61-9928-62a1150522fc]],/
a0891da8-8741-4867-a3c4-7bb927896c41,qa-crowdsourcing-app,src/services/Chests/index.ts,qa-crowdsourcing-app/src/services/Chests/index.ts,maybe,Unicorn,Hv√≠tir Hrafnar,,[[translation:a0891da8-8741-4867-a3c4-7bb927896c41]],/
a131ec39-c67f-49be-82c2-d3081d72e020,,,,yes,Get a new password,F√° n√Ωtt lykilor√∞,,[[translation:a131ec39-c67f-49be-82c2-d3081d72e020]],/
a197b9af-1812-4cef-9d50-c46dc49bc4e2,,,,yes,Old answers,G√∂mul sv√∂r,The weekday,[[translation:a197b9af-1812-4cef-9d50-c46dc49bc4e2]],/
a1f4560f-51dc-4c01-bd09-041a635b7116,qa-crowdsourcing-app,src/components/organisms/Game/EndOfRound/index.tsx,qa-crowdsourcing-app/src/components/organisms/Game/EndOfRound/index.tsx,yes,Well done!,Vel gert!,The month,[[translation:a1f4560f-51dc-4c01-bd09-041a635b7116]],/
a2248f5c-8b7b-427c-9ec1-8aa0ec234fee,qa-crowdsourcing-api,src/routes/api/announcement/interface.ts,qa-crowdsourcing-api/src/routes/api/announcements/interface.ts,yes,Saturday,laugardag,-,[[translation:a2248f5c-8b7b-427c-9ec1-8aa0ec234fee]],/
a35858d0-09d8-4ca9-9150-49eb550346db,,,,yes,ü§ù,ü§ù,The weekday,[[translation:a35858d0-09d8-4ca9-9150-49eb550346db]],/
a4f02bcc-cce6-45ec-bdf5-3a1f836feb15,qa-crowdsourcing-api,src/models/Users/index.ts,qa-crowdsourcing-api/src/models/Users/index.ts,yes,Username not available,Notendanafn er ekki laust,The weekday,[[translation:a4f02bcc-cce6-45ec-bdf5-3a1f836feb15]],/
a937537e-a7d5-4852-be69-e09c00a6b43f,qa-crowdsourcing-app,src/components/organisms/Game/ReviewQuestion,qa-crowdsourcing-app/src/components/organisms/Game/ReviewQuestion,yes,"If so, we will remove the question.",Ef svo er √æ√° munum vi√∞ ey√∞a henni.,The weekday,[[translation:a937537e-a7d5-4852-be69-e09c00a6b43f]],/
aaff353b-120b-4fbf-8ff4-9bcceafe539e,qa-crowdsourcing-api,src/models/Users/statics.ts,qa-crowdsourcing-api/src/models/Users/statics.ts,yes,User not found with email: ${email},User not found with email: ${email},-,[[translation:aaff353b-120b-4fbf-8ff4-9bcceafe539e]],/
ace9972a-b728-4555-be11-82f52b9e6e74,qa-crowdsourcing-app,src/components/organisms/Game/ReviewQuestion,qa-crowdsourcing-app/src/components/organisms/Game/ReviewQuestion,yes,It is clear what the author of the question is asking for,√ûa√∞ er sk√Ωrt hva√∞ h√∂fundur spurningarinnar √° vi√∞.,This is shown as an error message when user registers but does not provide a username,[[translation:ace9972a-b728-4555-be11-82f52b9e6e74]],/
af6dd160-a6bf-4f3d-bf96-268b93599a9a,qa-crowdsourcing-api,src/routes/api/announcement/interface.ts,qa-crowdsourcing-api/src/routes/api/announcements/interface.ts,yes,Wednesday,mi√∞vikudag,An error message shown to a user when registering and they pick an username that is not long enough,[[translation:af6dd160-a6bf-4f3d-bf96-268b93599a9a]],/
b0325be3-7704-4cf7-838d-b87e44910121,,,,yes,Copied,Afrita√∞,An error message shown to a user when registering and they pick an username that is not available,[[translation:b0325be3-7704-4cf7-838d-b87e44910121]],/
b1e80198-9c0f-433b-b352-0a7d84dbc635,qa-crowdsourcing-app,src/components/atoms/cards/AnswerItem/index,qa-crowdsourcing-app/src/components/atoms/cards/AnswerItem/index,yes,No ,Nei,The weekday,[[translation:b1e80198-9c0f-433b-b352-0a7d84dbc635]],/
b22d0fda-88ca-4efd-81c0-b224e38fa4c2,qa-crowdsourcing-app,src/services/CountDownLabel/index.ts,qa-crowdsourcing-app/src/services/CountDownLabel/index.ts,maybe,Min,M√≠n,An error message shown to a user when verifying an account that has already been verified,[[translation:b22d0fda-88ca-4efd-81c0-b224e38fa4c2]],/
b529825f-fa0a-417c-8432-d30a7b56f35c,,,,yes,Welcome back!,Velkomin/n aftur!,,[[translation:b529825f-fa0a-417c-8432-d30a7b56f35c]],/
b5f212d7-7751-4abf-af59-7e8553b26cd8,,,,yes,Log in,Skr√° inn,,[[translation:b5f212d7-7751-4abf-af59-7e8553b26cd8]],/
b6b03fca-33b6-4cd9-adb6-d93d9535cd11,qa-crowdsourcing-app,src/components/atoms/cards/AnswerItem/index,qa-crowdsourcing-appsrc/components/atoms/cards/AnswerItem/index,yes,User was not able to find the answer,Notandi fann ekki svari√∞,,[[translation:b6b03fca-33b6-4cd9-adb6-d93d9535cd11]],
b6d3182e-3b8b-4b3c-92b8-8264a7ddd645,,,,yes,üòí,üòí,,[[translation:b6d3182e-3b8b-4b3c-92b8-8264a7ddd645]],
b87d4fe0-094d-4062-b215-237136000155,qa-crowdsourcing-api,src/models/Users/index.ts,qa-crowdsourcing-api/src/models/Users/index.ts,yes,Email missing,√ûa√∞ vantar t√∂lvup√≥stfang,-,[[translation:b87d4fe0-094d-4062-b215-237136000155]],
ba0e0ff2-a9e9-460a-81bb-59fc8faecccc,,,,yes,spurningar.is,Spurningar.is,,[[translation:ba0e0ff2-a9e9-460a-81bb-59fc8faecccc]],
bbc46ed8-6b61-4909-949f-af938119d579,,,,yes,Create an account,B√∫a til a√∞gang,,[[translation:bbc46ed8-6b61-4909-949f-af938119d579]],
bbeac5e8-68b8-4c10-98f1-269857ba9347,qa-crowdsourcing-app,src/routing/index.tsx,qa-crowdsourcing-appsrc/routing/index.tsx,yes,Profile,√âg,,[[translation:bbeac5e8-68b8-4c10-98f1-269857ba9347]],
be737f7e-1b79-4893-805c-8739912cb70d,qa-crowdsourcing-api,src/routes/api/v1/prizes/readAll/index.ts,qa-crowdsourcing-api/src/routes/api/v1/prizes/readAll/index.ts,maybe,,komast √≠ LVL,-,[[translation:be737f7e-1b79-4893-805c-8739912cb70d]],
bfaf4b4a-1fa8-414a-ba11-4d753bdd20bd,,,,yes,I have an account,√âg er me√∞ a√∞gang,,[[translation:bfaf4b4a-1fa8-414a-ba11-4d753bdd20bd]],
c067890d-fb0d-4fb4-b169-8ad288a38866,qa-crowdsourcing-api,src/models/Users/index.ts,qa-crowdsourcing-api/src/models/Users/index.ts,yes,Change password [Game name],Breyta lykilor√∞i Spurningar.is,-,[[translation:c067890d-fb0d-4fb4-b169-8ad288a38866]],
c24cdc16-0a15-4c6c-b042-9da5e5a06142,,,,yes,I have an account,√âg er me√∞ a√∞gang,,[[translation:c24cdc16-0a15-4c6c-b042-9da5e5a06142]],
c2b441ce-7f73-4664-a51f-067601786e1d,qa-crowdsourcing-app,src/components/atoms/cards/AnswerItem/index.tsx,qa-crowdsourcing-appsrc/components/atoms/cards/AnswerItem/index.tsx,yes,An answer hasn't been found yet,Ekkert svar fundist enn,,[[translation:c2b441ce-7f73-4664-a51f-067601786e1d]],
c2b7cf3e-86f1-431e-bb12-d4b5a89f382c,qa-crowdsourcing-api,src/models/Users/index.ts,qa-crowdsourcing-api/src/models/Users/index.ts,yes,Confirmation Code [Game name],Sta√∞festingark√≥√∞i Spurningar.is,-,[[translation:c2b7cf3e-86f1-431e-bb12-d4b5a89f382c]],
c2bd0aec-d055-41fe-81d8-3ff560c1e534,qa-crowdsourcing-api,src/routes/api/announcement/interface.ts,qa-crowdsourcing-api/src/routes/api/announcements/interface.ts,yes,February,febr√∫ar,-,[[translation:c2bd0aec-d055-41fe-81d8-3ff560c1e534]],
c35d4988-1f40-401b-88a8-552871a987cd,qa-crowdsourcing-app,src/components/organisms/Game/SelectSpan/index.tsx,qa-crowdsourcing-appsrc/components/organisms/Game/SelectSpan/index.tsx,yes,No Answer,Ekkert svar,,[[translation:c35d4988-1f40-401b-88a8-552871a987cd]],
c3b2e703-6e25-40da-b3d3-c7d2ae4f42fc,qa-crowdsourcing-app,src/components/organisms/Game/GoogleSearch/index.tsx,qa-crowdsourcing-appsrc/components/organisms/Game/GoogleSearch/index.tsx,yes,Sometimes there just isn't an answer,√ûa√∞ gerist af og til a√∞ ekkert svar finnst.,,[[translation:c3b2e703-6e25-40da-b3d3-c7d2ae4f42fc]],
c3d4773c-75ad-4240-9657-b5e221c94d74,qa-crowdsourcing-app,src/services/UserLevels/index.ts,qa-crowdsourcing-appsrc/services/UserLevels/index.ts,yes,Teacher,Kennari,,[[translation:c3d4773c-75ad-4240-9657-b5e221c94d74]],
c71ca2d5-22ec-4d4d-85f8-799d2860c62f,,,,yes,Share,Deila,,[[translation:c71ca2d5-22ec-4d4d-85f8-799d2860c62f]],
c8cd3722-adf2-4377-8ccd-5676419f9f9b,qa-crowdsourcing-app,src/components/organisms/Game/ReviewQuestion,qa-crowdsourcing-appsrc/components/organisms/Game/ReviewQuestion,yes,I think the answer should be the same no matter who answers the question or what day of the way it is asked,"√âg held a√∞ svari√∞ s√© svipa√∞, sama hvern ma√∞ur spyr e√∞a hva√∞a dag vikunnar er spurt.",,[[translation:c8cd3722-adf2-4377-8ccd-5676419f9f9b]],
c9138e47-8cd5-4804-8d63-aae658f3e2c1,qa-crowdsourcing-app,src/components/molecules/Users/Info/index.tsx,qa-crowdsourcing-appsrc/components/molecules/Users/Info/index.tsx,yes,on the leaderboard,√° stigat√∂flunni,,[[translation:c9138e47-8cd5-4804-8d63-aae658f3e2c1]],
ca3392df-1aab-478c-99f6-1659b7021980,qa-crowdsourcing-app,src/components/organisms/Overlay/LevelProgress/index.tsx,qa-crowdsourcing-appsrc/components/organisms/Overlay/LevelProgress/index.tsx,yes,to lvl,a√∞ lvl,,[[translation:ca3392df-1aab-478c-99f6-1659b7021980]],
ca5523c3-7fcb-487c-8e2c-64e992eafefc,qa-crowdsourcing-app,src/routing/index.tsx,qa-crowdsourcing-appsrc/routing/index.tsx,yes,Play,Spila,,[[translation:ca5523c3-7fcb-487c-8e2c-64e992eafefc]],
cc04c157-b887-40f6-8a7a-d0e80b5dbdec,qa-crowdsourcing-app,src/views/ArticleReader/index.tsx,qa-crowdsourcing-appsrc/views/ArticleReader/index.tsx,yes,Does this paragraph contain the answer?,Inniheldur √æessi efnsgrein svari√∞ vi√∞ spurningunni?,,[[translation:cc04c157-b887-40f6-8a7a-d0e80b5dbdec]],
cc168d22-e389-4b80-8f7d-8039d21e9638,,,,yes,You get a prestige token next to your avatar,√û√∫ f√¶r√∞ merki hj√° f√≠g√∫runni √æinni,,[[translation:cc168d22-e389-4b80-8f7d-8039d21e9638]],
ccc9e3dd-39ca-4e0f-a381-3073f06ae8a9,qa-crowdsourcing-api,src/routes/api/announcement/interface.ts,qa-crowdsourcing-api/src/routes/api/announcements/interface.ts,yes,august,√°g√∫st,-,[[translation:ccc9e3dd-39ca-4e0f-a381-3073f06ae8a9]],
cdba63bc-8764-4360-8f6d-d17b6da0b769,,,,yes,I need an account,Mig vantar a√∞gang,,[[translation:cdba63bc-8764-4360-8f6d-d17b6da0b769]],
ce9b3903-f33a-4ae6-b932-3ff5ffa06bd9,,,,yes,ü§ì,ü§ì,,[[translation:ce9b3903-f33a-4ae6-b932-3ff5ffa06bd9]],
d26ce084-2e0c-4fb3-9241-1e2bc0e5e7a6,qa-crowdsourcing-api,src/routes/api/announcement/interface.ts,qa-crowdsourcing-api/src/routes/api/announcements/interface.ts,yes,Monday,m√°nudag,-,[[translation:d26ce084-2e0c-4fb3-9241-1e2bc0e5e7a6]],
d692f3e6-c4e9-47b4-8fdb-e080669ee68b,qa-crowdsourcing-api,src/models/Questions/index.ts,qa-crowdsourcing-api/src/models/Questions/index.ts,maybe,Question must end in question mark,Question must end in question mark,-,[[translation:d692f3e6-c4e9-47b4-8fdb-e080669ee68b]],
d6ffe4e3-4a31-44f4-8961-b36d343400c2,qa-crowdsourcing-app,src/views/AuthCode/index.tsx,qa-crowdsourcing-appsrc/views/AuthCode/index.tsx,yes,Confirmation code,Sta√∞festingark√≥√∞i,,[[translation:d6ffe4e3-4a31-44f4-8961-b36d343400c2]],
d940ddd4-1050-4d02-8490-f418f094d50e,,,,yes,"I also understand that if my contribution violates this pact, I will not have a chance to win any prizes.",√âg skil einnig a√∞ ef mitt framlag br√Ωtur gegn √æessu hei√∞ursmannasamkomulagi √æ√° mun √©g ekki eiga m√∂guleika √° a√∞ vinna vinninga.,,[[translation:d940ddd4-1050-4d02-8490-f418f094d50e]],
d9e95a1f-d9e9-4f89-8c98-baca4805b55e,qa-crowdsourcing-app,src/components/organisms/Game/WriteQuestion/index.tsx,qa-crowdsourcing-appsrc/components/organisms/Game/WriteQuestion/index.tsx,yes,The question is too short,Spurningin er ekki n√≥gu l√∂ng,,[[translation:d9e95a1f-d9e9-4f89-8c98-baca4805b55e]],
dde6ca46-20e4-4ee9-b3ef-2fda486360d3,,,,yes,Email,Netfang,,[[translation:dde6ca46-20e4-4ee9-b3ef-2fda486360d3]],x
de0f29ad-e669-4cc8-94f5-13f37d3a6680,,,,yes,My password,Mitt lykilor√∞,,[[translation:de0f29ad-e669-4cc8-94f5-13f37d3a6680]],
defd268e-7e37-4d39-a898-bfc1d8615169,,,,yes,üë´,üë´,,[[translation:defd268e-7e37-4d39-a898-bfc1d8615169]],
e27afca3-cc31-481f-9735-df2f9dfd4350,qa-crowdsourcing-api,src/routes/api/announcement/interface.ts,qa-crowdsourcing-api/src/routes/api/announcements/interface.ts,yes,January,jan√∫ar,-,[[translation:e27afca3-cc31-481f-9735-df2f9dfd4350]],
e455478b-c64c-46c9-a5c0-c88446558008,,,,yes,The link has been copied to your clipboard,Afritun √° hlekk t√≥kst,,[[translation:e455478b-c64c-46c9-a5c0-c88446558008]],
e64d9651-83b0-4444-b5b2-5fb2a1428624,qa-crowdsourcing-app,src/components/organisms/Game/GoogleSearch/index.tsx,qa-crowdsourcing-appsrc/components/organisms/Game/GoogleSearch/index.tsx,yes,"No results, try another search query","Ekkert fannst, pr√≥fa√∞u annan leitarstreng",,[[translation:e64d9651-83b0-4444-b5b2-5fb2a1428624]],
e65b7ce4-027f-4a5f-a821-333a71d1804b,qa-crowdsourcing-app,src/components/organisms/Game/GoogleSearch/index.tsx,qa-crowdsourcing-appsrc/components/organisms/Game/GoogleSearch/index.tsx,yes,I can't find the answer,√âg finn ekki svari√∞,,[[translation:e65b7ce4-027f-4a5f-a821-333a71d1804b]],
e762e8f0-30b5-4b38-9d0a-d072e85b6d15,qa-crowdsourcing-app,src/components/organisms/Game/Utils/SpanSelector/index.tsx,qa-crowdsourcing-appsrc/components/organisms/Game/Utils/SpanSelector/index.tsx,yes,Do you want to edit your choice?,Viltu breyta valinu?,,[[translation:e762e8f0-30b5-4b38-9d0a-d072e85b6d15]],
e7b7d7ef-397a-4f09-a408-16fdabd6a0c4,,,,yes,Start playing,Hefja leik,,[[translation:e7b7d7ef-397a-4f09-a408-16fdabd6a0c4]],
e7d3ddaf-5f0d-42cd-97a8-97bd47bb44e6,qa-crowdsourcing-api,src/models/Users/index.ts,qa-crowdsourcing-api/src/models/Users/index.ts,yes,Username missing,√ûa√∞ vantar notandanafn,-,[[translation:e7d3ddaf-5f0d-42cd-97a8-97bd47bb44e6]],
e947297f-ca51-49a8-8679-a56b69e43d99,qa-crowdsourcing-api,src/routes/api/announcement/interface.ts,qa-crowdsourcing-api/src/routes/api/announcements/interface.ts,yes,November,n√≥vember,-,[[translation:e947297f-ca51-49a8-8679-a56b69e43d99]],
ed3713df-4b8b-447a-b97b-e5b0bc29e399,qa-crowdsourcing-app,src/components/organisms/Game/ReviewAnswer/index.tsx,qa-crowdsourcing-appsrc/components/organisms/Game/ReviewAnswer/index.tsx,yes,If the answer is incorrect then we will delete it,Ef svari√∞ er vitlaust merkt √æ√° ey√∞um vi√∞ svarinu.,,,
edd26d32-2fba-47af-bf38-f2e53a708482,qa-crowdsourcing-api,src/routes/api/announcement/interface.ts,qa-crowdsourcing-api/src/routes/api/announcements/interface.ts,yes,October,okt√≥ber,-,[[translation:edd26d32-2fba-47af-bf38-f2e53a708482]],
ee544bdc-6141-4ee8-ab7f-fa6a78cf5c5f,,,,yes,ü§∏,ü§∏,,[[translation:ee544bdc-6141-4ee8-ab7f-fa6a78cf5c5f]],
eeec7d49-6ba9-45f6-ba92-3c6d6c899ddb,qa-crowdsourcing-app,src/components/atoms/cards/AnswerItem/index,qa-crowdsourcing-appsrc/components/atoms/cards/AnswerItem/index,yes,Tap here to find the answer your self,√ùttu h√©r til a√∞ finna svari√∞ sj√°lf/ur,,[[translation:eeec7d49-6ba9-45f6-ba92-3c6d6c899ddb]],
f0a05edd-4af1-4cb2-92ce-cc1de6bb6423,,,,yes,ü§î,ü§î,,[[translation:f0a05edd-4af1-4cb2-92ce-cc1de6bb6423]],
f1af8ed8-14f6-491d-ab60-cf24c9434138,qa-crowdsourcing-app,src/components/organisms/Users/ScoreCard/index.tsx,qa-crowdsourcing-appsrc/components/organisms/Users/ScoreCard/index.tsx,maybe,,Yfirfarin sv√∂r,,[[translation:f1af8ed8-14f6-491d-ab60-cf24c9434138]],
f1c66777-721a-4389-b680-6b74994242dd,,,,yes,"I pledge to play the game with integrity. I will write understandable questions, I will answer to the best of my ability and review questions and answers to the best of my ability.","√âg heiti √æv√≠ a√∞ spila leikinn af heilindum. √âg mun skrifa skiljanlegar spurningar, √©g mun svara eftir minni bestu getu og fara yfir spurningar og sv√∂r eftir minni bestu samvisku.",,[[translation:f1c66777-721a-4389-b680-6b74994242dd]],x
f4d47e66-2a3b-4884-b6dc-072523624da1,qa-crowdsourcing-api,src/routes/api/announcement/interface.ts,qa-crowdsourcing-api/src/routes/api/announcements/interface.ts,yes,December,desember,-,[[translation:f4d47e66-2a3b-4884-b6dc-072523624da1]],
f61875f1-9689-4062-af19-f58323279e65,,,,yes,Today,√≠ dag,,[[translation:f61875f1-9689-4062-af19-f58323279e65]],
f6ab86ad-bc49-4f38-b326-dac2617651b7,,,,yes,You keep your position on the leaderboard,√û√∫ heldur √æ√≠nu s√¶ti √° stigat√∂flununi,,[[translation:f6ab86ad-bc49-4f38-b326-dac2617651b7]],
f79ee784-1409-4baa-9bb8-d99bb85ede8c,qa-crowdsourcing-app,src/components/organisms/Game/ReviewAnswer/index.tsx,qa-crowdsourcing-appsrc/components/organisms/Game/ReviewAnswer/index.tsx,yes,Are there too many answers marked?,Eru of m√∂rg or√∞ valin?,,[[translation:f79ee784-1409-4baa-9bb8-d99bb85ede8c]],
f9afe8c8-ea5e-495b-a96c-0e1ab5007d44,,,,yes,Password (again),Lykilor√∞ (aftur),,[[translation:f9afe8c8-ea5e-495b-a96c-0e1ab5007d44]],
fa7a48e5-0b40-4a24-9edb-ef614c645e13,qa-crowdsourcing-app,src/components/organisms/Game/Utils/SpanSelector/index.tsx,qa-crowdsourcing-appsrc/components/organisms/Game/Utils/SpanSelector/index.tsx,yes,Tap the text to choose again,Smelltu aftur √° textann til a√∞ velja aftur,,[[translation:fa7a48e5-0b40-4a24-9edb-ef614c645e13]],
faceb97a-63cc-48e1-9b5b-7917546711b2,qa-crowdsourcing-api,src/models/Users/statics.ts,qa-crowdsourcing-api/src/models/Users/statics.ts,yes,Passwords need to match,Lykilor√∞ ver√∞a a√∞ vera eins,-,[[translation:faceb97a-63cc-48e1-9b5b-7917546711b2]],
fcf6cdd8-0f87-4fbc-b11c-5ac09432f813,qa-crowdsourcing-app,src/views/ArticleReader/index.tsx,qa-crowdsourcing-appsrc/views/ArticleReader/index.tsx,yes,Unable to fetch article,Ekki t√≥kst a√∞ s√¶kja grein,,[[translation:fcf6cdd8-0f87-4fbc-b11c-5ac09432f813]],
fd1f418f-135f-4b13-b28b-eb6a543cc579,qa-crowdsourcing-app,src/components/organisms/Game/WriteQuestion/index.tsx,qa-crowdsourcing-appsrc/components/organisms/Game/WriteQuestion/index.tsx,yes,The question should end with a question mark,Spurningin ver√∞ur a√∞ enda √° spurningarmerki,,[[translation:fd1f418f-135f-4b13-b28b-eb6a543cc579]],
fe71a409-084d-4a8f-99fc-41f721f4a958,qa-crowdsourcing-api,src/routes/api/announcement/interface.ts,qa-crowdsourcing-api/src/routes/api/announcements/interface.ts,yes,May,ma√≠,-,[[translation:fe71a409-084d-4a8f-99fc-41f721f4a958]],
feda1bfa-88a7-45bc-bd13-993a95e36c02,,,,yes,The road to 100 thousand,Lei√∞in a√∞ 100 √æ√∫sund,,[[translation:feda1bfa-88a7-45bc-bd13-993a95e36c02]],
ffa22022-0151-47c4-bc9c-4645eef5af50,qa-crowdsourcing-app,src/routing/routes.ts,qa-crowdsourcing-appsrc/routing/routes.ts,yes,Hiscores,Stigatafla,,[[translation:ffa22022-0151-47c4-bc9c-4645eef5af50]],
ffa3d402-e5bd-45af-a075-499958d9feef,qa-crowdsourcing-api,src/routes/api/announcement/interface.ts,qa-crowdsourcing-api/src/routes/api/announcements/interface.ts,yes,April,apr√≠l,-,[[translation:ffa3d402-e5bd-45af-a075-499958d9feef]],
948e93b8-77bb-453d-a604-af480a4998a0,qa-crowdsourcing-app,src/components/organisms/Game/Utils/SpanSelector/index.tsx,qa-crowdsourcing-appsrc/components/organisms/Game/Utils/SpanSelector/index.tsx,yes,Tap the first character of the answer,Smelltu √° fyrsta stafinn sem myndar svari√∞,,[[translation:948e93b8-77bb-453d-a604-af480a4998a0]],